日志,代码,日期
test1,1001,2025/3/4
test2,1002,2025/3/4
test3,1003,2025/3/4
test4,1004,2025/3/4
test5,1005,2025/3/4
test6,1006,2025/3/4
test7,1007,2025/3/4
test8,1008,2025/3/4
test9,1009,2025/3/4
test10,1010,2025/3/4
test11,1011,2025/3/4
test12,1012,2025/3/4
test13,1013,2025/3/4
test14,1014,2025/3/4
test15,1015,2025/3/4
test16,1016,2025/3/4
test17,1017,2025/3/4
test18,1018,2025/3/4
test19,1019,2025/3/4
test20,1020,2025/3/4
test1,1001,2025/3/4
test2,1002,2025/3/4
test3,1003,2025/3/4
test4,1004,2025/3/4
test5,1005,2025/3/4
test6,1006,2025/3/4
test7,1007,2025/3/4
test8,1008,2025/3/4
test9,1009,2025/3/4
test10,1010,2025/3/4
test11,1011,2025/3/4
test12,1012,2025/3/4
test13,1013,2025/3/4
test14,1014,2025/3/4
test15,1015,2025/3/4
test16,1016,2025/3/4
test17,1017,2025/3/4
test18,1018,2025/3/4
test19,1019,2025/3/4
test20,1020,2025/3/4
