log,dm,rq
test1,1001,2025/3/4
test2,1002,2025/3/5
test3,1003,2025/3/6
test4,1004,2025/3/7
test5,1005,2025/3/8
test6,1006,2025/3/9
test7,1007,2025/3/10
test8,1008,2025/3/11
test9,1009,2025/3/12
test10,1010,2025/3/13
test11,1011,2025/3/14
test12,1012,2025/3/15
test13,1013,2025/3/16
test14,1014,2025/3/17
test15,1015,2025/3/18
test16,1016,2025/3/19
test17,1017,2025/3/20
test18,1018,2025/3/21
test19,1019,2025/3/22
test20,1020,2025/3/23
test1,1001,2025/3/24
test2,1002,2025/3/25
test3,1003,2025/3/26
test4,1004,2025/3/27
test5,1005,2025/3/28
test6,1006,2025/3/29
test7,1007,2025/3/30
test8,1008,2025/3/31
test9,1009,2025/4/1
test10,1010,2025/4/2
test11,1011,2025/4/3
test12,1012,2025/4/4
test13,1013,2025/4/5
test14,1014,2025/4/6
test15,1015,2025/4/7
test16,1016,2025/4/8
test17,1017,2025/4/9
test18,1018,2025/4/10
test19,1019,2025/4/11
test20,1020,2025/4/12
